feature,importance_gain,importance_split
ctrx_quarter_normalizado,188253.4443449974,287
ctrx_quarter,127925.31091737747,317
mtarjeta_visa_consumo,78181.68719649315,138
Visa_status,65699.24034833908,54
mcaja_ahorro,64883.80688786507,336
cdescubierto_preacordado_delta_mean_4,58007.312168598175,79
msaldo_total,55539.31739974022,311
cuso_tarjeta_ratio,54974.0095205307,171
msaldo_total_pesos,54760.10916209221,266
ctarjeta_visa_transacciones,39158.758382320404,172
cdescubierto_preacordado,29760.048283576965,103
mcuentas_saldo,27097.813843488693,382
cdias_mora_promedio,25660.725426197052,109
mprestamos_personales,22123.865019083023,460
cdescubierto_preacordado_delta_mean_8,21225.16073536873,98
mpayroll,19440.231950044632,178
cpayroll_trx,19036.432416439056,78
foto_mes,16217.233910560608,275
cprestamos_personales,16077.048474311829,249
Visa_mpagominimo,15590.290003299713,204
mactivos_margen,14292.856293678284,415
tes_empleado,12298.850269317627,40
mingresos_por_producto_ratio,11798.320518732071,163
mcuenta_corriente,11520.605840206146,349
msaldo_vs_movimientos_ratio,11325.987378358841,326
cproductos_delta_mean_4,10832.301072835922,118
TC_Total_msaldopesos,10688.162803411484,125
mpasivos_margen,10642.642801523209,242
TC_Total_mpagospesos,10482.850959300995,204
ccomisiones_mantenimiento_delta_mean_8,10170.376979112625,240
ctarjeta_visa_delta_mean_8,9959.899624109268,49
mingresos_mensuales,9818.000061511993,168
cdias_mora_promedio_delta_2,9410.20618724823,36
TC_Total_mpagominimo,9349.295324325562,231
mautoservicio,9222.504257917404,99
cproductos_delta_mean_8,8757.330655097961,202
ccaja_ahorro,8572.365721702576,154
mrentabilidad_vs_margen,8429.969814538956,316
slope_mcaja_ahorro_adicional_6_window,8116.423411846161,173
ctarjeta_visa_transacciones_delta_mean_8,7258.916257858276,228
slope_Visa_Finiciomora_3_window,7052.6673884391785,62
Visa_mpagospesos,6612.5245888233185,131
cliente_edad,6408.1293976306915,538
TC_Total_mconsumospesos,6210.759905338287,164
ctarjeta_visa_delta_mean_4,6051.977974414825,15
cprestamos_personales_delta_mean_8,6002.1182289123535,127
Visa_mfinanciacion_limite,5992.060176610947,230
mcomisiones_mantenimiento,5814.777832508087,282
mdeuda_tarjetas_total,5664.146567821503,92
slope_mprestamos_personales_3_window,5615.503317117691,186
cproductos,5541.178675174713,196
ctarjeta_visa_debitos_automaticos_delta_mean_8,5396.764449834824,200
Visa_fechaalta,5357.909719705582,409
ccomisiones_mantenimiento_delta_mean_4,5313.355024337769,142
slope_mprestamos_prendarios_6_window,5302.755483627319,158
slope_msaldo_vs_movimientos_ratio_3_window,5198.955631971359,111
TC_Total_mfinanciacion_limite,5153.408098697662,231
slope_mingresos_vs_saldo_ratio_3_window,5122.242626190186,80
slope_mpayroll2_6_window,5111.6725306510925,188
mingresos_vs_saldo_ratio,5081.37827372551,118
numero_de_cliente,5061.565835952759,497
mprestamos_prendarios,4793.917477607727,134
ctrx_quarter_normalizado_delta_mean_4,4745.343415975571,179
TC_Total_Fvencimiento,4609.681636571884,409
cliente_antiguedad,4578.17432308197,413
slope_mprestamos_prendarios_3_window,4567.803222417831,143
cprestamos_personales_delta_mean_4,4558.074689149857,92
ccaja_seguridad,4487.7356379032135,102
cdias_mora_promedio_delta_mean_4,4432.270096540451,55
cdescubierto_preacordado_delta_3,4381.843704223633,11
mcomisiones_ratio,4177.4883670806885,295
cproductos_delta_2,4155.543132543564,43
mcuenta_debitos_automaticos,4148.305162906647,192
mpagomiscuentas,4025.4471588134766,114
ctrx_quarter_normalizado_delta_mean_8,3990.332468509674,226
ccaja_ahorro_delta_mean_8,3983.0110154151917,79
Visa_Fvencimiento,3909.1055903434753,389
Master_fechaalta,3903.859774827957,340
TC_Total_msaldototal,3888.2183899879456,134
mflujo_cheques,3869.512715816498,111
mcomisiones,3834.9487006664276,258
mrentabilidad,3768.680402994156,261
ctrx_quarter_delta_mean_8,3736.380598306656,220
TC_Total_fechaalta,3728.52503323555,304
mrentabilidad_annual,3695.2823855876923,293
mmargen_por_cuenta_ratio,3689.9255590438843,188
slope_mcomisiones_mantenimiento_6_window,3686.2711572647095,207
slope_msaldo_total_pesos_3_window,3618.0002224445343,134
slope_mpayroll_6_window,3492.851291179657,144
mrentabilidad_media_mensual,3412.137761592865,322
mcomisiones_otras,3293.1497576236725,246
cprestamos_personales_delta_2,3222.649130821228,52
ctarjeta_visa_transacciones_delta_mean_4,3209.2513535022736,133
slope_Visa_Fvencimiento_3_window,3198.8550367355347,288
mtarjeta_master_consumo,3186.968593120575,115
tsin_sueldo_mes_delta_mean_8,3096.204990386963,100
slope_mingresos_mensuales_3_window,3096.0687351226807,98
slope_mprestamos_personales_6_window,3027.6562242507935,175
Master_Fvencimiento,3008.7526087760925,320
slope_Visa_fechaalta_6_window,2994.4382812976837,258
mmargen_por_producto,2982.3182365894318,241
muso_credito_ratio,2947.3492398262024,187
cprestamos_personales_delta_3,2936.7357230186462,42
mflujo_netotransf,2842.6332120895386,207
ctrx_quarter_delta_2,2733.948525905609,155
ctrx_quarter_delta_mean_4,2731.8773267269135,172
ccaja_ahorro_delta_mean_4,2728.1834983825684,80
mmargen_total,2721.781054496765,210
TC_Total_cconsumos_delta_mean_8,2705.1510746479034,146
slope_mrentabilidad_vs_margen_6_window,2652.202395439148,190
Visa_Fvencimiento_delta_mean_8,2639.8280022144318,148
cdias_mora_promedio_delta_mean_8,2617.5837914943695,81
Master_status,2593.3867173194885,33
slope_Master_fechaalta_6_window,2543.701676130295,248
mtransferencias_recibidas,2536.0576481819153,122
slope_mcuenta_corriente_6_window,2522.3530118465424,213
Visa_mlimitecompra,2503.118880033493,194
slope_Master_Fvencimiento_6_window,2496.645026445389,255
slope_mflujo_cheques_6_window,2465.7181119918823,132
slope_mflujo_cheques_3_window,2461.8792600631714,91
cuso_digital_ratio,2435.380844116211,187
Visa_msaldopesos,2419.6009862422943,130
Visa_cconsumos_delta_mean_8,2406.8374230861664,202
slope_Visa_fechaalta_3_window,2372.2704589366913,201
slope_mrentabilidad_media_mensual_6_window,2337.898895740509,217
ctarjeta_master_delta_mean_8,2334.7036097049713,37
ctarjeta_visa,2330.1441559791565,18
slope_mrentabilidad_annual_6_window,2317.872274160385,181
chomebanking_transacciones,2303.7019448280334,175
slope_mcaja_ahorro_dolares_6_window,2278.218579530716,212
slope_mcaja_ahorro_3_window,2272.794116973877,139
ctrx_quarter_normalizado_delta_2,2235.487783908844,183
ccuenta_debitos_automaticos_delta_mean_8,2235.062092781067,158
cproductos_uso_ratio_delta_mean_8,2233.045773267746,178
slope_Visa_fultimo_cierre_6_window,2225.885111808777,218
cdias_mora_promedio_delta_3,2215.988748073578,26
msaldo_total_dolares,2193.7304792404175,170
Master_mfinanciacion_limite,2179.911794424057,192
cuso_tarjeta_ratio_delta_mean_8,2157.3614938259125,143
ccanales_activos_delta_mean_8,2156.9545528888702,172
tcallcenter_delta_mean_8,2151.8953461647034,139
slope_mcomisiones_otras_6_window,2134.902654647827,157
slope_mcomisiones_6_window,2124.775606393814,176
slope_mingresos_vs_saldo_ratio_6_window,2088.905130624771,93
ccajas_transacciones_delta_mean_8,2086.74431347847,182
slope_mactivos_margen_3_window,2086.171774625778,167
cpagomiscuentas_delta_mean_8,2067.7889194488525,152
ccallcenter_transacciones_delta_mean_8,2061.5065104961395,162
Visa_msaldototal,2061.4226372241974,142
chomebanking_transacciones_delta_mean_8,2059.32497215271,178
slope_mcomisiones_ratio_6_window,2059.028260707855,213
slope_Visa_mconsumosdolares_6_window,2034.7250850200653,203
slope_Master_fechaalta_3_window,2027.3748400211334,185
slope_msaldo_total_dolares_6_window,2002.4270603656769,159
Master_mlimitecompra,1998.4774932861328,188
Visa_fechaalta_delta_2,1996.7353603839874,19
cuso_digital_ratio_delta_mean_8,1991.1345818042755,203
slope_mcaja_ahorro_6_window,1976.9027979373932,166
ccanales_activos,1975.6817939281464,89
tes_empleado_delta_mean_8,1973.79434299469,92
ccajas_consultas_delta_mean_8,1969.7736468315125,174
ctarjeta_master_delta_mean_4,1963.3453798294067,16
Master_msaldototal,1956.8004624843597,145
slope_mtransferencias_recibidas_3_window,1952.0322041511536,173
ccomisiones_mantenimiento_delta_3,1944.8008968830109,65
ctransferencias_emitidas_delta_mean_8,1940.0660631656647,137
mcaja_ahorro_dolares,1938.0804438591003,162
slope_Visa_mpagominimo_6_window,1937.179654121399,158
Master_mpagospesos,1911.3698444366455,104
slope_mtransferencias_emitidas_6_window,1910.8476159572601,155
ctrx_quarter_delta_3,1909.1664707660675,184
ccomisiones_mantenimiento,1905.3275306224823,74
slope_Visa_Fvencimiento_6_window,1900.237297296524,194
slope_mcuentas_saldo_6_window,1881.5379254817963,137
cactividad_total,1861.6261930465698,158
slope_Visa_msaldopesos_6_window,1853.2243874073029,101
slope_mpayroll_3_window,1849.0810775756836,114
Visa_fultimo_cierre_delta_mean_4,1847.1013054847717,74
slope_msaldo_total_6_window,1845.6681203842163,145
cproductos_uso_ratio,1838.8607125282288,160
ccomisiones_mantenimiento_delta_2,1834.7013430595398,58
slope_mflujo_netotransf_6_window,1828.7301399707794,179
ctarjeta_visa_debitos_automaticos_delta_mean_4,1822.2882351875305,101
ctarjeta_visa_transacciones_delta_3,1816.324002981186,130
slope_TC_Total_mconsumospesos_6_window,1812.7155394554138,130
slope_Master_Fvencimiento_3_window,1805.4388635158539,192
slope_mcuenta_debitos_automaticos_6_window,1777.8288924694061,153
slope_Visa_mpagominimo_3_window,1775.6082651615143,117
slope_mrentabilidad_annual_3_window,1766.8508241176605,157
slope_Master_fultimo_cierre_6_window,1760.4095339775085,173
cactividad_total_delta_mean_8,1754.4132056236267,146
slope_TC_Total_mpagominimo_3_window,1751.8838522434235,85
slope_mcuenta_corriente_3_window,1750.7720274925232,145
Visa_Finiciomora_delta_mean_4,1749.6338477134705,26
Visa_cconsumos,1741.572906255722,172
slope_mtransferencias_recibidas_6_window,1726.8137204647064,161
slope_Master_fultimo_cierre_3_window,1721.0378410816193,177
slope_mrentabilidad_media_mensual_3_window,1715.0572605133057,176
slope_mcomisiones_mantenimiento_3_window,1711.700344800949,135
slope_mmargen_por_producto_6_window,1710.2177648544312,156
ctrx_quarter_normalizado_delta_3,1706.1716146469116,156
slope_msaldo_vs_movimientos_ratio_6_window,1705.7146635055542,154
slope_mrentabilidad_vs_margen_3_window,1700.1513376235962,144
TC_Total_mlimitecompra,1682.0373032093048,154
Visa_fultimo_cierre_delta_mean_8,1673.6251163482666,80
chomebanking_transacciones_delta_mean_4,1660.155580997467,149
slope_Visa_mfinanciacion_limite_6_window,1658.6965384483337,163
Visa_fultimo_cierre_delta_3,1657.1121351718903,33
Visa_mconsumospesos,1654.533132314682,171
thomebanking_delta_mean_8,1643.217524766922,152
slope_Visa_mlimitecompra_6_window,1639.975011587143,159
Visa_cconsumos_delta_mean_4,1637.67733168602,155
Visa_fechaalta_delta_mean_8,1630.8071839809418,75
slope_TC_Total_mpagominimo_6_window,1626.690929889679,132
slope_mingresos_por_producto_ratio_6_window,1619.249353647232,99
mttarjeta_visa_debitos_automaticos,1618.0436215400696,146
mcuenta_corriente_adicional,1605.8637776374817,64
slope_mcomisiones_ratio_3_window,1594.8254811763763,153
slope_Visa_fultimo_cierre_3_window,1587.8916518688202,154
slope_matm_6_window,1581.1762340068817,145
Visa_Finiciomora_delta_mean_8,1573.8166885375977,45
slope_mflujo_netotransf_3_window,1571.6898074150085,142
chomebanking_transacciones_delta_2,1562.9014267921448,144
slope_Master_msaldototal_6_window,1561.0745663642883,84
Visa_Finiciomora,1558.936022758484,57
slope_muso_credito_ratio_6_window,1555.7808949947357,132
ctarjeta_visa_transacciones_delta_2,1551.6864717006683,130
slope_mextraccion_autoservicio_6_window,1543.78462433815,139
mtransferencias_emitidas,1532.2507338523865,112
slope_Master_mfinanciacion_limite_3_window,1531.2227187156677,134
cactividad_total_delta_3,1522.8530988693237,162
slope_mextracciones_ratio_6_window,1522.7651770114899,149
chomebanking_transacciones_delta_3,1521.0751612186432,155
ccanales_activos_delta_mean_4,1512.1690278053284,110
cuso_digital_ratio_delta_2,1504.4680125713348,161
slope_mrentabilidad_6_window,1499.7423403263092,156
Visa_fultimo_cierre,1492.7075407505035,151
Master_fultimo_cierre,1491.7997467517853,158
cproductos_uso_ratio_delta_3,1485.54807305336,147
slope_mautoservicio_6_window,1467.531448841095,145
mextracciones_ratio,1459.003984451294,148
slope_mcomisiones_3_window,1452.7185163497925,136
slope_msaldo_total_pesos_6_window,1444.8861637115479,126
slope_mcaja_ahorro_adicional_3_window,1444.4701743125916,92
thomebanking,1443.0862226486206,44
slope_mcuentas_saldo_3_window,1432.963482618332,118
cproductos_uso_ratio_delta_2,1426.0331089496613,137
talta_mora,1417.8409643173218,16
ctarjeta_debito_delta_mean_8,1413.5731437206268,120
slope_TC_Total_mpagospesos_6_window,1413.4827139377594,115
TC_Total_cconsumos_delta_mean_4,1413.209168434143,108
ctransferencias_emitidas_delta_mean_4,1409.050362586975,119
ctransferencias_recibidas_delta_mean_8,1408.9654204845428,145
mlimite_tarjetas_total,1386.9654314517975,131
ccallcenter_transacciones,1385.4453599452972,63
slope_minversion_ratio_3_window,1383.5723338127136,72
Master_cconsumos_delta_mean_8,1383.4712452888489,122
cactividad_total_delta_mean_4,1376.4419484138489,138
slope_mtransferencias_emitidas_3_window,1364.1165778636932,118
mcaja_ahorro_adicional,1362.9867556095123,113
slope_mttarjeta_visa_debitos_automaticos_3_window,1358.1738123893738,120
slope_mactivos_margen_6_window,1353.693868637085,140
slope_mingresos_mensuales_6_window,1350.9711825847626,108
slope_Visa_mconsumospesos_6_window,1340.4432411193848,134
ctarjeta_debito_transacciones_delta_mean_8,1334.1796600818634,138
slope_mpasivos_margen_3_window,1322.724999666214,121
slope_Master_mlimitecompra_6_window,1314.9473400115967,117
slope_TC_Total_mfinanciacion_limite_3_window,1314.726572751999,95
cpayroll_trx_delta_mean_4,1303.5707650184631,68
slope_mmargen_por_cuenta_ratio_6_window,1298.9232034683228,99
slope_msaldo_total_dolares_3_window,1296.391201019287,121
cdescubierto_preacordado_delta_2,1291.527105808258,20
slope_TC_Total_mlimitecompra_6_window,1290.9832634925842,110
slope_mextracciones_ratio_3_window,1280.1206321716309,114
slope_mcuenta_corriente_adicional_6_window,1279.1931638717651,68
slope_mingresos_por_producto_ratio_3_window,1278.2603936195374,77
tes_empleado_delta_mean_4,1275.2664699554443,36
ctarjeta_debito_transacciones_delta_2,1264.1906361579895,118
slope_mttarjeta_visa_debitos_automaticos_6_window,1263.037778377533,110
slope_TC_Total_mfinanciacion_limite_6_window,1261.8733670711517,117
slope_Master_mfinanciacion_limite_6_window,1258.046557188034,124
slope_mmargen_total_6_window,1257.9480953216553,126
slope_mpagomiscuentas_6_window,1257.4172687530518,127
slope_Visa_mconsumospesos_3_window,1254.8886728286743,112
slope_matm_other_3_window,1253.362710237503,120
cmobile_app_trx_delta_mean_8,1243.522557258606,113
slope_mautoservicio_3_window,1240.4262611865997,120
slope_Visa_mpagospesos_6_window,1240.3214039802551,103
cuso_digital_ratio_delta_3,1239.4576346874237,136
cuso_digital_ratio_delta_mean_4,1232.860200881958,121
mplazo_fijo_dolares,1232.3063893318176,58
Master_msaldopesos,1221.6467983722687,115
slope_mrentabilidad_3_window,1220.3921308517456,128
cuso_tarjeta_ratio_delta_3,1211.5965883731842,121
ccajas_consultas_delta_mean_4,1211.529736995697,105
cpayroll_trx_delta_mean_8,1198.7571585178375,78
tmora_total,1191.1604900360107,15
Master_mconsumospesos,1185.7166447639465,94
tcallcenter_delta_mean_4,1178.1964859962463,62
TC_Total_fultimo_cierre,1173.240092754364,114
ctarjeta_master_transacciones,1170.937258720398,59
slope_mcaja_ahorro_dolares_3_window,1167.693996667862,121
slope_mcuenta_debitos_automaticos_3_window,1167.585692167282,97
Master_madelantopesos,1158.3685677051544,85
Visa_cconsumos_delta_2,1158.0391187667847,118
slope_mmargen_total_3_window,1148.7217333316803,97
TC_Total_cconsumos_delta_3,1147.6660642623901,89
slope_Master_mconsumospesos_6_window,1142.3346753120422,99
Master_Fvencimiento_delta_mean_8,1138.5345647335052,91
ccallcenter_transacciones_delta_mean_4,1136.193737745285,92
slope_mcomisiones_otras_3_window,1129.5932507514954,104
slope_minversion_ratio_6_window,1126.7076799869537,96
tmora_total_delta_mean_8,1125.1217563152313,53
tmobile_app_delta_mean_8,1123.8611290454865,98
ctarjeta_debito_transacciones,1123.2325270175934,78
ctarjeta_master_transacciones_delta_mean_8,1121.3224303722382,88
slope_TC_Total_mpagado_6_window,1117.995676279068,109
slope_Visa_mpagado_6_window,1106.7799570560455,117
slope_Visa_mconsumototal_6_window,1103.3233199119568,111
slope_Visa_mlimitecompra_3_window,1098.158667087555,114
cproductos_delta_3,1094.111343383789,48
cactividad_total_delta_2,1088.0065660476685,120
catm_trx_other_delta_mean_8,1080.8116314411163,104
slope_mmargen_por_producto_3_window,1080.6902842521667,108
slope_Master_mconsumototal_6_window,1071.9636509418488,95
slope_mpayroll2_3_window,1068.65296792984,78
slope_mpasivos_margen_6_window,1068.4950335025787,100
TC_Total_cconsumos,1065.925873041153,95
cuso_tarjeta_ratio_delta_mean_4,1064.062391281128,119
tusa_app_o_homebanking_delta_mean_8,1063.7909836769104,116
Visa_status_delta_mean_8,1062.9435639381409,28
slope_Master_msaldototal_3_window,1062.1941866874695,77
cproductos_uso_ratio_delta_mean_4,1058.1964027881622,98
ccaja_ahorro_delta_3,1058.1533789634705,16
slope_mcuenta_corriente_adicional_3_window,1054.3193755149841,74
ccallcenter_transacciones_delta_3,1053.6025626659393,73
cuso_tarjeta_ratio_delta_2,1050.3513479232788,118
ctarjeta_visa_descuentos_delta_mean_8,1043.3359022140503,88
minversion_ratio,1039.2789566516876,102
slope_Master_mpagominimo_6_window,1038.1996083259583,98
ctarjeta_debito_transacciones_delta_mean_4,1037.382126569748,100
slope_matm_other_6_window,1032.8943302631378,107
ccuenta_debitos_automaticos_delta_mean_4,1032.450965642929,67
slope_Visa_Finiciomora_6_window,1032.0342557430267,67
slope_msaldo_total_3_window,1031.3086686134338,90
mextraccion_autoservicio,1026.115897655487,70
Visa_cconsumos_delta_3,1024.7515985965729,100
slope_mtarjeta_visa_consumo_3_window,1018.5646402835846,81
slope_Master_msaldopesos_6_window,1015.9380209445953,115
ctarjeta_visa_debitos_automaticos_delta_3,1015.1800241470337,55
slope_muso_credito_ratio_3_window,1013.3442890644073,76
slope_matm_3_window,1011.35946393013,92
slope_Visa_msaldodolares_6_window,1010.2507333755493,97
slope_mcajeros_propios_descuentos_6_window,1008.3891115188599,82
slope_Visa_mfinanciacion_limite_3_window,1001.7730360031128,93
TC_Total_status,1001.551275730133,21
cextraccion_autoservicio,1001.2644805908203,58
slope_mforex_sell_6_window,997.9618711471558,96
ctarjeta_debito_transacciones_delta_3,993.9038624763489,101
ccajas_extracciones_delta_mean_8,993.2851250171661,105
slope_Master_madelantopesos_6_window,990.7288312911987,79
ctarjeta_debito,988.4185292720795,96
slope_TC_Total_mconsumosdolares_6_window,972.8258533477783,101
slope_TC_Total_mconsumototal_6_window,971.3290100097656,82
TC_Total_cconsumos_delta_2,962.0327863693237,80
ctarjeta_visa_descuentos_delta_mean_4,961.1129500865936,65
slope_Visa_mpagosdolares_6_window,960.0207235813141,91
ccallcenter_transacciones_delta_2,958.1963341236115,62
cplazo_fijo,950.0154001712799,45
slope_mpagomiscuentas_3_window,949.6745910644531,98
cplazo_fijo_delta_mean_8,943.8610255718231,64
Master_mpagominimo,941.6790668964386,77
slope_mmargen_por_cuenta_ratio_3_window,940.6699552536011,89
Visa_mconsumosdolares,935.2783682346344,93
ccuenta_debitos_automaticos,931.2971799373627,71
slope_mcheques_emitidos_rechazados_3_window,926.9843833446503,45
catm_trx_delta_mean_8,925.6343402862549,102
cextraccion_autoservicio_delta_3,919.6709003448486,81
slope_mtarjeta_visa_consumo_6_window,917.1224927902222,86
ccajas_otras_delta_mean_8,903.8161578178406,79
slope_mextraccion_autoservicio_3_window,887.1259427070618,80
mpayroll2,885.4057669639587,59
Master_fechaalta_delta_mean_8,884.0100698471069,83
TC_Total_mconsumototal,883.6939158439636,83
ctarjeta_master_descuentos,881.1130421161652,45
ccajas_depositos_delta_mean_8,878.255613565445,99
Master_mpagado,864.9322462081909,39
slope_Master_madelantopesos_3_window,861.9713809490204,81
ctransferencias_recibidas_delta_mean_4,847.2033276557922,85
cextraccion_autoservicio_delta_mean_8,842.5357661247253,83
cpagomiscuentas,841.8371684551239,60
slope_Visa_msaldopesos_3_window,840.6515655517578,69
slope_Master_mlimitecompra_3_window,832.6032793521881,84
Master_status_delta_2,829.7625799179077,7
slope_Master_msaldopesos_3_window,828.644856929779,82
slope_TC_Total_mpagado_3_window,826.2811503410339,89
slope_TC_Total_mconsumospesos_3_window,815.2297856807709,79
slope_Visa_mpagospesos_3_window,809.9811940193176,79
Master_fultimo_cierre_delta_mean_8,808.9512915611267,83
slope_TC_Total_mpagospesos_3_window,808.0438079833984,80
Visa_mconsumototal,807.9478101730347,81
Master_cconsumos,807.4238562583923,75
cmobile_app_trx,802.3361854553223,80
slope_Visa_mconsumosdolares_3_window,795.8037860393524,91
ctarjeta_visa_debitos_automaticos,793.1131398677826,92
ctarjeta_visa_debitos_automaticos_delta_2,790.638659954071,42
thomebanking_delta_mean_4,778.4587049484253,68
slope_mlimite_tarjetas_total_6_window,776.939266204834,77
ctarjeta_master_debitos_automaticos_delta_mean_8,769.7478051185608,57
ccajas_transacciones_delta_mean_4,767.5590691566467,64
slope_Visa_mpagosdolares_3_window,763.598997592926,71
slope_Visa_mpagado_3_window,763.2467195987701,79
matm,762.9359519481659,61
ctransferencias_emitidas_delta_3,758.0823593139648,63
ccaja_ahorro_delta_2,757.7384142875671,15
slope_mdeuda_tarjetas_total_6_window,755.2199335098267,48
Visa_delinquency,754.9304618835449,8
slope_Master_mpagominimo_3_window,749.0704283714294,75
slope_Master_mpagospesos_3_window,742.7271587848663,77
ccanales_activos_delta_2,742.537501335144,46
slope_TC_Total_mlimitecompra_3_window,731.1498730182648,63
Master_cconsumos_delta_mean_4,730.6486892700195,81
slope_Master_mconsumospesos_3_window,722.8219418525696,77
Master_mconsumototal,716.3012585639954,66
slope_Master_mconsumosdolares_6_window,710.0890753269196,75
tes_empleado_delta_2,707.9868092536926,11
cextraccion_autoservicio_delta_mean_4,706.3993380069733,71
ctransferencias_recibidas_delta_2,704.9078269004822,76
slope_Visa_madelantopesos_6_window,702.558130979538,73
slope_TC_Total_mpagosdolares_6_window,699.2657866477966,65
slope_Visa_msaldototal_6_window,697.2224283218384,63
cpagodeservicios_delta_mean_8,695.3587121963501,70
slope_Master_mpagospesos_6_window,693.6569399833679,69
talta_mora_delta_mean_8,687.5421032905579,27
cmobile_app_trx_delta_3,681.3564827442169,71
slope_Master_mpagado_6_window,678.8987567424774,64
ctransferencias_emitidas,678.2671270370483,63
slope_TC_Total_msaldodolares_6_window,676.7778916358948,73
slope_TC_Total_msaldototal_3_window,676.556254863739,64
slope_mtarjeta_master_consumo_3_window,673.1981422901154,68
cforex_sell_delta_mean_8,671.0657272338867,72
tcuentas,666.7267196178436,44
catm_trx_delta_mean_4,661.6712474822998,71
ccajas_transacciones,661.1722779273987,42
cforex_delta_mean_8,660.1965560913086,65
mtarjeta_visa_descuentos,660.1092622280121,50
cmobile_app_trx_delta_mean_4,650.8771097660065,74
slope_mforex_sell_3_window,647.8596181869507,67
slope_mtarjeta_master_consumo_6_window,646.532434463501,67
slope_mtarjeta_visa_descuentos_6_window,645.747677564621,70
slope_Visa_mconsumototal_3_window,643.8534300327301,60
TC_Total_mpagado,640.0708379745483,77
Visa_mpagado,639.4264893531799,39
slope_Visa_msaldototal_3_window,636.2759675979614,56
slope_Master_mpagado_3_window,633.9718556404114,59
slope_TC_Total_msaldopesos_6_window,632.5319766998291,60
cmobile_app_trx_delta_2,632.0282862186432,72
slope_TC_Total_mconsumosdolares_3_window,632.0037760734558,60
Visa_Finiciomora_delta_2,631.4238815307617,23
slope_TC_Total_msaldototal_6_window,630.709926366806,58
slope_mlimite_tarjetas_total_3_window,624.8834993839264,65
TC_Total_mconsumosdolares,622.2701692581177,68
Master_cconsumos_delta_2,621.3794631958008,54
cextraccion_autoservicio_delta_2,617.3596880435944,61
slope_TC_Total_msaldodolares_3_window,601.6342687606812,60
slope_mttarjeta_master_debitos_automaticos_6_window,593.5284206867218,60
slope_mplazo_fijo_dolares_6_window,591.6883380413055,61
slope_Visa_msaldodolares_3_window,589.1308710575104,65
ccanales_activos_delta_3,584.0233638286591,44
ccuenta_debitos_automaticos_delta_2,583.8420786857605,45
ctarjeta_visa_descuentos,575.0879392623901,42
cdiversificacion_financiera_delta_mean_8,572.0437989234924,46
ctransferencias_recibidas,571.1742920875549,49
ctransferencias_emitidas_delta_2,569.3242743015289,45
slope_mprestamos_hipotecarios_3_window,568.8234920501709,29
tsin_sueldo_mes,565.2192993164062,9
ccajas_consultas,563.0213520526886,48
Master_fultimo_cierre_delta_mean_4,559.7402677536011,60
slope_Master_mconsumototal_3_window,559.1096897125244,51
ctarjeta_master_descuentos_delta_mean_8,555.5127217769623,56
ctransferencias_recibidas_delta_3,552.2758302688599,63
tcallcenter,549.8262434005737,24
Master_Finiciomora_delta_mean_8,549.7037119865417,45
slope_mdeuda_tarjetas_total_3_window,549.305540561676,34
tmora_total_delta_mean_4,544.3190383911133,13
slope_TC_Total_msaldopesos_3_window,542.6770014762878,49
tsin_sueldo_mes_delta_mean_4,541.6802358627319,19
mcheques_emitidos_rechazados,541.5498595237732,28
Master_cconsumos_delta_3,539.7293589115143,54
catm_trx_delta_2,534.5430123806,59
ccajas_otras,533.032392501831,36
Visa_status_delta_mean_4,521.1938421726227,26
Master_fultimo_cierre_delta_2,519.5845589637756,36
slope_Visa_madelantopesos_3_window,518.1775193214417,46
cforex_buy_delta_mean_8,503.6302390098572,51
tsin_transacciones_mes,501.72583293914795,11
slope_Master_mpagosdolares_6_window,499.6054973602295,56
tcallcenter_delta_3,495.28755235671997,28
cpagomiscuentas_delta_mean_4,493.4439182281494,43
ctarjeta_master_delta_3,491.74167013168335,8
ctarjeta_debito_delta_mean_4,491.53260231018066,37
cdiversificacion_financiera,491.214164018631,29
ctarjeta_master,485.9431643486023,11
slope_TC_Total_mpagosdolares_3_window,481.79110860824585,47
catm_trx_other_delta_mean_4,474.98943042755127,51
cpagomiscuentas_delta_3,470.4985704421997,46
cpagomiscuentas_delta_2,469.0885646343231,49
catm_trx,466.44731307029724,55
cseguro_vida,466.1910364627838,54
mprestamos_hipotecarios,465.85625290870667,52
ccajeros_propios_descuentos_delta_mean_4,463.2692017555237,32
ctarjeta_visa_delta_3,462.68031120300293,8
Visa_status_delta_2,459.33097791671753,14
thomebanking_delta_2,458.83206939697266,36
slope_mcajeros_propios_descuentos_3_window,454.1728596687317,35
ccheques_emitidos_delta_mean_4,453.9159264564514,34
tcuentas_delta_mean_8,452.65283012390137,43
ctarjeta_master_transacciones_delta_mean_4,443.5226583480835,44
mtarjeta_master_descuentos,435.5931086540222,30
ccajas_depositos,432.75183272361755,37
ctarjeta_master_transacciones_delta_3,430.8119993209839,39
ccajas_consultas_delta_3,430.6375594139099,43
catm_trx_delta_3,427.2883503437042,44
slope_Master_msaldodolares_6_window,423.03132915496826,43
Visa_madelantopesos,419.7078516483307,39
TC_Total_delinquency,411.6499843597412,11
slope_mforex_buy_6_window,411.1112768650055,40
slope_mcheques_depositados_6_window,406.4412717819214,40
ccajeros_propios_descuentos_delta_mean_8,405.9430832862854,26
ctarjeta_visa_descuentos_delta_3,400.72007179260254,30
tusa_app_o_homebanking_delta_mean_4,392.2944087982178,42
mttarjeta_master_debitos_automaticos,388.6464009284973,42
ccuenta_debitos_automaticos_delta_3,386.23597955703735,30
Visa_Fvencimiento_delta_2,385.81054401397705,21
tmobile_app_delta_mean_4,385.547691822052,41
slope_TC_Total_mconsumototal_3_window,381.3913629055023,39
Master_status_delta_mean_8,380.6281352043152,14
Visa_Fvencimiento_delta_mean_4,380.39778089523315,41
slope_Master_mpagosdolares_3_window,379.91941690444946,54
tsin_sueldo_mes_delta_2,378.1658215522766,12
matm_other,376.45389890670776,39
slope_mttarjeta_master_debitos_automaticos_3_window,375.32544803619385,35
ccheques_emitidos_delta_mean_8,369.6428563594818,36
cpayroll_trx_delta_3,364.96850323677063,23
tusa_app_o_homebanking,361.44168996810913,22
cseguro_vida_delta_mean_8,359.4151220321655,38
ctarjeta_master_debitos_automaticos_delta_mean_4,357.5704696178436,34
cdiversificacion_financiera_delta_mean_4,357.135089635849,25
slope_mpagodeservicios_6_window,356.9917697906494,35
cplazo_fijo_delta_mean_4,354.3516082763672,21
cprestamos_hipotecarios,353.38919830322266,11
ccajas_extracciones_delta_2,352.52771949768066,27
ccheques_depositados_delta_mean_8,351.688761472702,41
Visa_status_delta_3,350.4675989151001,12
ccajas_depositos_delta_mean_4,349.4980297088623,41
slope_mcheques_depositados_3_window,346.3627698421478,33
Master_Finiciomora,345.37618112564087,16
ccajas_otras_delta_mean_4,338.9360213279724,33
ctarjeta_visa_descuentos_delta_2,337.8901197910309,32
Visa_Fvencimiento_delta_3,335.48435163497925,30
Master_fultimo_cierre_delta_3,329.7528283596039,16
cseguro_accidentes_personales_delta_mean_8,327.04673957824707,36
slope_Master_mconsumosdolares_3_window,313.2870903015137,31
slope_mplazo_fijo_dolares_3_window,309.79460096359253,33
ccheques_emitidos_rechazados_delta_mean_8,303.9786972999573,23
slope_mforex_buy_3_window,301.9948408603668,28
slope_Master_Finiciomora_3_window,297.618479013443,23
ccajas_extracciones_delta_mean_4,297.4744906425476,30
cpayroll_trx_delta_2,291.0918998718262,22
Visa_Finiciomora_delta_3,288.6084017753601,19
tsin_transacciones_mes_delta_mean_8,287.42837953567505,35
ccheques_emitidos,286.84065866470337,21
Master_Fvencimiento_delta_mean_4,286.5087215900421,30
Visa_mpagosdolares,284.6444001197815,29
Master_Finiciomora_delta_mean_4,280.56129026412964,28
slope_Master_Finiciomora_6_window,279.1381092071533,25
cseguro_accidentes_personales,277.40640926361084,26
tcallcenter_delta_2,273.39321422576904,23
cseguro_vivienda,270.8532814979553,26
slope_mcheques_depositados_rechazados_3_window,264.4197597503662,13
ctarjeta_master_transacciones_delta_2,264.3453688621521,32
ccajas_consultas_delta_2,263.7285418510437,25
slope_mcheques_depositados_rechazados_6_window,261.7048306465149,38
talta_mora_delta_mean_4,258.47047686576843,10
ccajas_otras_delta_3,254.57643818855286,25
slope_mpagodeservicios_3_window,253.3325002193451,34
mcajeros_propios_descuentos,252.1502788066864,18
TC_Total_msaldodolares,252.09650945663452,27
TC_Total_Finiciomora,244.1754698753357,30
catm_trx_other_delta_2,244.0651707649231,25
cseguro_vivienda_delta_mean_8,241.50065064430237,27
slope_mtarjeta_visa_descuentos_3_window,239.4123718738556,29
Master_status_delta_mean_4,235.5443468093872,10
Visa_msaldodolares,233.30107975006104,28
ctarjeta_master_descuentos_delta_mean_4,231.7830901145935,17
ccajas_transacciones_delta_3,225.6286506652832,27
cforex_buy_delta_mean_4,223.52265167236328,16
ctarjeta_debito_delta_3,223.0096025466919,14
cliente_antiguedad_delta_mean_8,218.94807076454163,31
ctarjeta_master_descuentos_delta_3,210.50925016403198,28
ccheques_emitidos_rechazados,209.9832000732422,12
cplazo_fijo_delta_3,206.70354986190796,15
catm_trx_other_delta_3,203.78168034553528,22
ccajas_transacciones_delta_2,201.95412969589233,16
tsin_inversiones_delta_mean_8,196.99153780937195,37
TC_Total_mpagosdolares,195.65702986717224,22
slope_mcheques_emitidos_3_window,195.1465721130371,15
tsin_transacciones_mes_delta_mean_4,191.99100947380066,21
slope_mcheques_emitidos_rechazados_6_window,186.55820107460022,20
cforex_delta_mean_4,184.22674083709717,20
Visa_fultimo_cierre_delta_2,183.4312515258789,19
slope_Master_msaldodolares_3_window,181.88351845741272,21
ccajeros_propios_descuentos,180.78395175933838,8
ccheques_emitidos_delta_3,178.62993144989014,14
Master_fechaalta_delta_mean_4,177.7284517288208,17
mcheques_depositados,177.3708610534668,16
ctarjeta_visa_delta_2,176.77247285842896,7
slope_mtarjeta_master_descuentos_3_window,176.44356966018677,18
ccaja_seguridad_delta_mean_8,169.2931206226349,17
ccajas_extracciones,168.653959274292,16
cforex_sell_delta_mean_4,167.66576862335205,18
ctarjeta_debito_delta_2,163.72121906280518,13
Visa_fechaalta_delta_3,161.63898062705994,17
Visa_fechaalta_delta_mean_4,157.43322801589966,13
slope_mtarjeta_master_descuentos_6_window,156.77781867980957,23
ccheques_emitidos_delta_2,156.00402188301086,15
minversion2,154.78979969024658,22
slope_TC_Total_madelantopesos_6_window,153.8919801712036,16
tes_empleado_delta_3,152.74523401260376,6
cseguro_vida_delta_mean_4,152.52408981323242,12
thomebanking_delta_3,151.96379828453064,19
ccheques_depositados_rechazados_delta_mean_8,150.21161007881165,15
slope_mcheques_emitidos_6_window,149.99314069747925,15
cseguro_vida_delta_3,149.77703142166138,11
ccheques_emitidos_rechazados_delta_mean_4,149.68830919265747,10
TC_Total_status_delta_2,147.00811862945557,8
Master_Finiciomora_delta_2,146.59421133995056,14
Master_Fvencimiento_delta_2,146.39799976348877,14
tcuentas_delta_mean_4,146.28272032737732,23
Master_Finiciomora_delta_3,141.15146017074585,13
catm_trx_other,137.3210906982422,16
cinversion2_delta_mean_8,137.07397985458374,17
ccajas_extracciones_delta_3,135.1849102973938,15
Master_Fvencimiento_delta_3,133.11895990371704,16
slope_minversion2_6_window,132.65047955513,20
active_quarter,132.14670157432556,15
TC_Total_status_delta_mean_8,129.55790090560913,9
ctarjeta_master_debitos_automaticos,129.39328813552856,18
cforex_delta_3,121.34174156188965,12
slope_minversion2_3_window,118.13968992233276,10
mforex_sell,117.79387092590332,12
cseguro_accidentes_personales_delta_mean_4,114.56192016601562,17
Master_fechaalta_delta_2,114.53366994857788,10
ctarjeta_master_debitos_automaticos_delta_3,111.92457914352417,11
TC_Total_status_delta_3,111.55610084533691,7
cforex_delta_2,110.37267065048218,13
ccajas_depositos_delta_2,110.34992980957031,11
ccheques_emitidos_rechazados_delta_2,109.0210428237915,5
ccheques_depositados,107.24131870269775,9
minversion1_pesos,106.85743856430054,16
tmobile_app_delta_3,105.54333972930908,14
cpagodeservicios_delta_3,102.74664974212646,13
tusa_app_o_homebanking_delta_3,102.49649858474731,10
slope_TC_Total_madelantopesos_3_window,102.01588892936707,13
tmora_total_delta_2,101.72268104553223,7
slope_minversion1_dolares_6_window,99.16867065429688,8
TC_Total_cadelantosefectivo_delta_mean_8,97.95487022399902,10
cforex,96.38660907745361,11
ccajeros_propios_descuentos_delta_3,95.8426399230957,11
ccajas_otras_delta_2,95.77018070220947,10
tmobile_app_delta_2,95.07182931900024,11
tusa_app_o_homebanking_delta_2,93.96056890487671,9
mcheques_emitidos,93.05271887779236,12
cforex_sell_delta_3,88.26862978935242,9
cpayroll2_trx_delta_mean_4,87.07066082954407,20
cprestamos_prendarios_delta_mean_8,84.04827928543091,10
cprestamos_prendarios_delta_mean_4,81.55988883972168,6
talta_mora_delta_3,80.57259941101074,2
mpagodeservicios,80.16265964508057,11
cpagodeservicios_delta_2,79.99088096618652,8
tmora_total_delta_3,79.47006177902222,6
cplazo_fijo_delta_2,79.18393993377686,5
cinversion1_delta_mean_8,77.68647003173828,11
Master_status_delta_3,74.5215106010437,4
Master_fechaalta_delta_3,73.88750886917114,8
cprestamos_prendarios,72.60837078094482,17
Master_mpagosdolares,71.1352801322937,9
slope_mprestamos_hipotecarios_6_window,70.96539878845215,3
mforex_buy,69.86242055892944,8
cdiversificacion_financiera_delta_3,69.20740032196045,4
ccheques_depositados_rechazados,68.99617099761963,5
cinversion1,68.40271997451782,7
cinversion2_delta_mean_4,66.9012701511383,7
TC_Total_status_delta_mean_4,64.00933909416199,8
Master_cadelantosefectivo_delta_3,62.660088539123535,5
Master_msaldodolares,62.604628801345825,9
mcheques_depositados_rechazados,61.35081958770752,4
ccheques_depositados_delta_mean_4,61.33432054519653,9
slope_minversion1_pesos_6_window,61.07413911819458,6
cforex_buy_delta_2,60.98945951461792,5
Master_mconsumosdolares,60.56615996360779,8
cforex_buy_delta_3,60.00800037384033,7
ctarjeta_master_descuentos_delta_2,56.854310035705566,6
cpagodeservicios,54.510279417037964,12
slope_minversion1_pesos_3_window,52.41280961036682,7
ccheques_depositados_rechazados_delta_mean_4,52.190199851989746,4
Visa_cadelantosefectivo_delta_mean_8,51.94072103500366,6
cpagodeservicios_delta_mean_4,50.088539600372314,7
ccajeros_propios_descuentos_delta_2,49.35828971862793,5
tcuentas_delta_2,47.03269863128662,3
cseguro_auto,45.67167925834656,8
ccajas_depositos_delta_3,45.39599061012268,6
cprestamos_hipotecarios_delta_mean_8,44.65333032608032,4
cseguro_accidentes_personales_delta_2,44.263099670410156,3
cforex_buy,43.0370192527771,8
tsin_transacciones_mes_delta_2,42.76396989822388,7
cseguro_vivienda_delta_mean_4,42.01514005661011,4
cseguro_accidentes_personales_delta_3,41.95012044906616,4
Visa_cadelantosefectivo_delta_mean_4,41.526530265808105,3
ccheques_depositados_delta_2,39.54260015487671,4
cinversion1_delta_3,39.0288302898407,7
cdiversificacion_financiera_delta_2,38.33025932312012,3
TC_Total_cadelantosefectivo,36.41986012458801,8
cseguro_auto_delta_2,34.83527064323425,10
Master_cadelantosefectivo_delta_2,34.37419033050537,4
ctarjeta_master_delta_2,32.46115970611572,2
tsin_inversiones,31.5728702545166,3
tmobile_app,31.336898803710938,2
cinversion2,30.851080656051636,8
cforex_sell,29.90690016746521,4
tsin_inversiones_delta_mean_4,29.22958993911743,3
cseguro_vida_delta_2,29.227319717407227,3
Visa_cadelantosefectivo_delta_3,26.092480659484863,3
TC_Total_madelantopesos,25.469408988952637,2
cseguro_vivienda_delta_2,24.516919136047363,2
slope_Master_madelantodolares_6_window,24.22649049758911,3
tsin_sueldo_mes_delta_3,23.91010093688965,1
ccaja_seguridad_delta_mean_4,22.851839542388916,3
ccheques_depositados_delta_3,22.12324047088623,2
Visa_cadelantosefectivo_delta_2,20.660500049591064,2
ctarjeta_master_debitos_automaticos_delta_2,20.572279930114746,2
TC_Total_cadelantosefectivo_delta_3,19.5941801071167,2
Visa_cadelantosefectivo,19.451549530029297,3
TC_Total_cadelantosefectivo_delta_mean_4,19.425100326538086,2
slope_Visa_madelantodolares_6_window,17.011780261993408,2
Master_cadelantosefectivo_delta_mean_8,16.97424030303955,2
cprestamos_prendarios_delta_2,16.742070198059082,2
cseguro_auto_delta_mean_8,16.12675952911377,2
cliente_antiguedad_delta_mean_4,16.014869689941406,4
cliente_vip,15.303799629211426,1
cinversion2_delta_2,14.977899551391602,1
cliente_antiguedad_delta_2,13.05482029914856,5
slope_Visa_madelantodolares_3_window,11.165900230407715,1
ccheques_depositados_rechazados_delta_2,10.727519989013672,2
tsin_transacciones_mes_delta_3,8.994050025939941,2
Master_cadelantosefectivo_delta_mean_4,8.936909914016724,2
minversion1_dolares,8.718059778213501,2
slope_TC_Total_madelantodolares_6_window,8.572019577026367,1
Visa_madelantodolares,7.97681999206543,1
talta_mora_delta_2,6.605909824371338,1
tcuentas_delta_3,6.497439861297607,1
cseguro_vivienda_delta_3,5.400660037994385,1
Master_cadelantosefectivo,4.75639009475708,1
ccheques_emitidos_rechazados_delta_3,4.675670146942139,1
cliente_antiguedad_delta_3,4.445010185241699,1
tsin_inversiones_delta_3,3.256119966506958,1
cpayroll2_trx_delta_3,0.0,0
cseguro_auto_delta_3,0.0,0
ccaja_seguridad_delta_3,0.0,0
cinversion1_delta_2,0.0,0
cinversion2_delta_3,0.0,0
cpayroll2_trx_delta_mean_8,0.0,0
tsolo_tarjetas_delta_mean_8,0.0,0
cliente_vip_delta_2,0.0,0
cprestamos_hipotecarios_delta_2,0.0,0
ccuenta_corriente_delta_2,0.0,0
mplazo_fijo_pesos,0.0,0
ccuenta_corriente,0.0,0
cpayroll2_trx,0.0,0
tsolo_tarjetas_delta_3,0.0,0
ccheques_depositados_rechazados_delta_3,0.0,0
cprestamos_prendarios_delta_3,0.0,0
cprestamos_hipotecarios_delta_3,0.0,0
cliente_vip_delta_3,0.0,0
ccuenta_corriente_delta_3,0.0,0
tsolo_tarjetas_delta_2,0.0,0
tsin_inversiones_delta_2,0.0,0
tvip_baja_actividad_delta_2,0.0,0
slope_minversion1_dolares_3_window,0.0,0
TC_Total_madelantodolares,0.0,0
ccuenta_corriente_delta_mean_4,0.0,0
cprestamos_hipotecarios_delta_mean_4,0.0,0
cinversion1_delta_mean_4,0.0,0
cseguro_auto_delta_mean_4,0.0,0
slope_mplazo_fijo_pesos_6_window,0.0,0
tsolo_tarjetas,0.0,0
tvip_baja_actividad,0.0,0
tvip_baja_actividad_delta_3,0.0,0
cliente_vip_delta_mean_4,0.0,0
tsolo_tarjetas_delta_mean_4,0.0,0
Master_madelantodolares,0.0,0
slope_Master_madelantodolares_3_window,0.0,0
TC_Total_cadelantosefectivo_delta_2,0.0,0
slope_mplazo_fijo_pesos_3_window,0.0,0
Master_delinquency,0.0,0
cpayroll2_trx_delta_2,0.0,0
ccaja_seguridad_delta_2,0.0,0
cliente_vip_delta_mean_8,0.0,0
tvip_baja_actividad_delta_mean_4,0.0,0
cforex_sell_delta_2,0.0,0
ccuenta_corriente_delta_mean_8,0.0,0
slope_TC_Total_madelantodolares_3_window,0.0,0
tvip_baja_actividad_delta_mean_8,0.0,0
